url,score,status,title,date_processed
https://www.imovirtual.com/pt/anuncio/apartamento-t3-com-terraco-e-garagem-ID1hJev,85,needs_review,...,2026-01-28T04:08:38.051015
https://www.imovirtual.com/pt/anuncio/apartamento-t3-com-garagem-box-em-braga-ID1hKag,82,needs_review,...,2026-01-28T13:23:55.466076
https://www.imovirtual.com/pt/anuncio/foco-no-investimento-t1-1-com-terraco-e-varanda-arrendado-por-650-ID1hLZq,78,needs_review,...,2026-01-28T04:08:38.051026
https://www.imovirtual.com/pt/anuncio/t1-novo-de-luxo-com-varanda-e-garagem-haven-terrazza-valbom-ID1hLBy,77,needs_review,...,2026-01-28T04:08:38.051031
https://www.imovirtual.com/pt/anuncio/t1-novo-de-luxo-com-varanda-e-garagem-haven-terrazza-valbom-ID1hLrQ,77,needs_review,...,2026-01-28T04:08:38.051033
https://www.imovirtual.com/pt/anuncio/apartamento-t3-com-garagem-e-terraco-gueifaes-maia-andar-moradi-ID1hL4y,77,needs_review,...,2026-01-28T04:08:38.051035
https://www.imovirtual.com/pt/anuncio/apartamento-t1-com-varanda-e-garagem-no-centro-de-ermesinde-ID1hO0U,77,needs_review,Adicionado há 2 dias,2026-01-28T04:08:38.051036
https://www.imovirtual.com/pt/anuncio/apartamento-t2-em-valongo-com-garagem-e-varandas-ID1hHAM,77,needs_review,...,2026-01-28T04:08:38.051038
https://www.imovirtual.com/pt/anuncio/otimo-t1-c-varanda-e-lugar-de-garagem-junto-ao-gaia-shopping-ID1hOjN,77,needs_review,Adicionado ontem,2026-01-28T04:08:38.051040
https://www.imovirtual.com/pt/anuncio/apartamento-t3-c-garagem-vilar-de-andorinho-vila-nova-de-gaia-ID1hOdJ,77,needs_review,Adicionado há 2 dias,2026-01-28T04:08:38.051042
https://www.imovirtual.com/pt/anuncio/apartamento-t1-renovado-com-varanda-e-lugar-de-garagem-centro-de-ID1hKJf,77,needs_review,...,2026-01-28T04:08:38.051043
https://www.imovirtual.com/pt/anuncio/t1-1-novo-com-lugar-de-garagem-para-2-carros-a-400m-do-metro-ID1hJzL,77,needs_review,...,2026-01-28T04:08:38.051045
https://www.imovirtual.com/pt/anuncio/t1-1-novo-com-lugar-de-garagem-a-400m-do-metro-ID1hJoF,77,needs_review,...,2026-01-28T04:08:38.051047
https://www.imovirtual.com/pt/anuncio/urban-32-nascente-ID1dMSE,77,needs_review,Encontrará imóveis que correspondem aos seus critérios de pesquisa neste empreendimento,2026-01-28T04:08:38.051048
https://www.imovirtual.com/pt/anuncio/apartamento-t2-com-varanda-e-lugar-de-garagem-em-empreendimento-com-ID1dMQg,77,needs_review,...,2026-01-28T04:08:38.051050
https://www.imovirtual.com/pt/anuncio/apartamento-t1-com-varanda-e-lugar-de-garagem-em-empreendimento-com-ID1cU91,77,needs_review,...,2026-01-28T04:08:38.051051
https://www.imovirtual.com/pt/anuncio/apartamento-t2-com-varanda-e-lugar-de-garagem-em-empreendimento-com-ID1cU92,77,needs_review,...,2026-01-28T04:08:38.051053
https://www.imovirtual.com/pt/anuncio/apartamento-t1-com-varanda-e-lugar-de-garagem-em-empreendimento-com-ID1dMQW,77,needs_review,...,2026-01-28T04:08:38.051054
https://www.imovirtual.com/pt/anuncio/apartamento-t2-com-varanda-e-lugar-de-garagem-em-empreendimento-com-ID1dMQF,77,needs_review,...,2026-01-28T04:08:38.051056
https://www.imovirtual.com/pt/anuncio/apartamento-t1-com-varanda-e-lugar-de-garagem-em-empreendimento-com-ID1dMRU,77,needs_review,...,2026-01-28T04:08:38.051057
https://www.imovirtual.com/pt/anuncio/apartamento-t1-com-varanda-e-lugar-de-garagem-em-empreendimento-com-ID1dMRy,77,needs_review,...,2026-01-28T04:08:38.051059
https://www.imovirtual.com/pt/anuncio/apartamento-t2-com-varanda-e-lugar-de-garagem-em-empreendimento-com-ID1dMRT,77,needs_review,...,2026-01-28T04:08:38.051060
https://www.imovirtual.com/pt/anuncio/apartamento-t1-com-varanda-e-lugar-de-garagem-em-empreendimento-com-ID1dMQU,77,needs_review,...,2026-01-28T04:08:38.051062
https://www.imovirtual.com/pt/anuncio/apartamento-t1-com-varanda-e-lugar-de-garagem-em-empreendimento-com-ID1dMRM,77,needs_review,...,2026-01-28T04:08:38.051064
https://www.imovirtual.com/pt/anuncio/apartamento-t1-com-varanda-e-lugar-de-garagem-em-empreendimento-com-ID1dMSb,77,needs_review,...,2026-01-28T04:08:38.051066
https://www.imovirtual.com/pt/anuncio/apartamento-t1-com-varanda-e-lugar-de-garagem-em-empreendimento-com-ID1dMQM,77,needs_review,...,2026-01-28T04:08:38.051067
https://www.imovirtual.com/pt/anuncio/apartamento-t2-com-varanda-e-lugar-de-garagem-em-empreendimento-com-ID1dMQB,77,needs_review,...,2026-01-28T04:08:38.051069
https://www.imovirtual.com/pt/anuncio/apartamento-t1-com-varanda-e-lugar-de-garagem-em-empreendimento-com-ID1dMQC,77,needs_review,...,2026-01-28T04:08:38.051070
https://www.imovirtual.com/pt/anuncio/otimo-t1-c-varanda-e-lugar-de-garagem-junto-ao-gaia-shopping-ID1hOJ6,77,needs_review,Adicionados hoje,2026-01-28T13:23:55.466086
https://www.imovirtual.com/pt/anuncio/oportunidade-t2-renovado-c-varanda-forno-rio-tinto-areosa-ID1hChO,75,needs_review,...,2026-01-28T04:08:38.051072
https://www.imovirtual.com/pt/anuncio/apartamento-t2-em-ermesinde-valongo-com-varanda-e-estacionamento-ID1grv1,75,needs_review,...,2026-01-28T04:08:38.051073
https://www.imovirtual.com/pt/anuncio/apartamento-t2-ID1hOtC,75,needs_review,Adicionado ontem,2026-01-28T04:08:38.051075
https://www.imovirtual.com/pt/anuncio/apartamento-t2-no-centro-de-arcozelo-ID1hAlb,75,needs_review,...,2026-01-28T13:23:55.466089
https://www.imovirtual.com/pt/anuncio/apartamento-t3-para-venda-ID1hOMC,75,needs_review,Adicionados hoje,2026-01-28T13:23:55.466092
https://www.imovirtual.com/pt/anuncio/apartamento-t3-para-venda-ID1hOMt,75,needs_review,Adicionados hoje,2026-01-28T13:23:55.466094
https://www.imovirtual.com/pt/anuncio/apartamento-t3-venda-em-vila-verde-e-barbudo-vila-verde-ID1hOM5,75,needs_review,Adicionados hoje,2026-01-28T13:23:55.466096
https://www.imovirtual.com/pt/anuncio/venda-de-apartamento-t3-proximo-do-metro-na-povoa-de-varzim-ID1hhUv,75,needs_review,...,2026-01-28T13:23:55.466098
https://www.imovirtual.com/pt/anuncio/t2-com-varandas-ID1hKX3,75,needs_review,...,2026-01-28T13:26:15.553014
https://www.imovirtual.com/pt/anuncio/apt-t1-1-green-valley-ultimo-piso-suite-varanda-lugar-de-garagem-ID1hO8W,74,needs_review,Adicionado há 2 dias,2026-01-28T04:08:38.051077
https://www.imovirtual.com/pt/anuncio/apartamento-t2-varandas-e-garagem-box-aguas-santas-ID1hN0U,74,needs_review,Adicionado há 6 dias,2026-01-28T04:08:38.051078
https://www.imovirtual.com/pt/anuncio/apartamento-t2-varandas-e-garagem-box-aguas-santas-ID1hMLM,74,needs_review,Adicionado há 7 dias,2026-01-28T04:08:38.051080
https://www.imovirtual.com/pt/anuncio/t2-c-varandas-e-garagem-box-em-aguas-santas-ID1hMJQ,74,needs_review,Adicionado há 7 dias,2026-01-28T04:08:38.051081
https://www.imovirtual.com/pt/anuncio/apartamento-t2-c-garagem-varanda-e-arrumos-em-matosinhos-ID1hMJC,74,needs_review,Adicionado há 7 dias,2026-01-28T04:08:38.051083
https://www.imovirtual.com/pt/anuncio/t0-novo-c-terraco-em-fase-de-construcao-junto-da-av-da-republica-ID1hNSY,73,needs_review,Adicionado há 4 dias,2026-01-28T04:08:38.051084
https://www.imovirtual.com/pt/anuncio/t1novo-terraco-povoa-ID1eYrJ,73,needs_review,...,2026-01-28T04:08:38.051086
https://www.imovirtual.com/pt/anuncio/apartamento-t1-com-61m2-e-terraco-privativo-proximo-do-metro-no-porto-ID1h8n9,73,needs_review,...,2026-01-28T13:23:55.466100
https://www.imovirtual.com/pt/anuncio/apartamento-t2-remodelado-com-garagem-no-monte-formoso-coimbra-ID1hOCJ,72,needs_review,Adicionado ontem,2026-01-28T04:08:38.051087
https://www.imovirtual.com/pt/anuncio/propostas-multiplas-t2-com-garagem-junto-ao-continente-200-000-ID1hOgZ,72,needs_review,Adicionado há 2 dias,2026-01-28T04:08:38.051089
https://www.imovirtual.com/pt/anuncio/apartamento-t3-rio-tinto-renovado-3-frentes-garagem-box-ID1hDMn,72,needs_review,...,2026-01-28T04:08:38.051090
https://www.imovirtual.com/pt/anuncio/apartamento-t3-rio-tinto-renovado-3-frentes-garagem-box-ID1hA55,72,needs_review,...,2026-01-28T04:08:38.051091
https://www.imovirtual.com/pt/anuncio/apartamento-t3-com-2-casas-de-banho-e-varanda-aguas-santas-maia-ID1hLsp,72,needs_review,...,2026-01-28T04:08:38.051093
https://www.imovirtual.com/pt/anuncio/apartamento-t1-novo-com-garagem-em-vilar-de-paraiso-vila-nova-de-gaia-ID1e645,72,needs_review,175 000 ,2026-01-28T04:08:38.051095
https://www.imovirtual.com/pt/anuncio/apartamento-t1-1-com-elevador-e-garagem-em-vilar-do-paraiso-ID1hOex,72,needs_review,Adicionado há 2 dias,2026-01-28T04:08:38.051097
https://www.imovirtual.com/pt/anuncio/apartamento-t1-novo-c-l-de-garagem-em-mafamude-centro-de-gaia-af-ID1hNSQ,72,needs_review,Adicionado há 4 dias,2026-01-28T04:08:38.051098
https://www.imovirtual.com/pt/anuncio/apartamento-t1-1-com-garagem-fechada-em-aver-o-mar-primeira-linh-ID1hLyt,72,needs_review,...,2026-01-28T04:08:38.051100
https://www.imovirtual.com/pt/anuncio/apartamento-t0-com-garagem-modernidade-e-conforto-em-lousada-ID1hJgV,72,needs_review,...,2026-01-28T04:08:38.051101
https://www.imovirtual.com/pt/anuncio/apartamento-t2-office-a-praca-velasquez-ID1gEU8,72,needs_review,...,2026-01-28T13:23:55.466102
https://www.imovirtual.com/pt/anuncio/apartamento-t3-renovado-e-mobilado-ID1hOFw,70,needs_review,205 000 ,2026-01-28T04:08:38.051103
https://www.imovirtual.com/pt/anuncio/apartamentos-t4-destinados-a-investimento-ID1hOEA,70,needs_review,Adicionado ontem,2026-01-28T04:08:38.051104
https://www.imovirtual.com/pt/anuncio/apartamento-t2-1-centro-sao-joao-da-madeira-ID1hOEp,70,needs_review,Adicionado ontem,2026-01-28T04:08:38.051106
https://www.imovirtual.com/pt/anuncio/apartamento-t0-para-venda-ID1hOE6,70,needs_review,Adicionado ontem,2026-01-28T04:08:38.051107
https://www.imovirtual.com/pt/anuncio/apartamento-t3-pacos-de-ferreira-218-000-00-ID1hODn,70,needs_review,Adicionado ontem,2026-01-28T04:08:38.051109
https://www.imovirtual.com/pt/anuncio/apartamento-t3-venda-em-rio-tinto-gondomar-ID1hOzh,70,needs_review,249 000 ,2026-01-28T04:08:38.051110
https://www.imovirtual.com/pt/anuncio/t1-1-em-construcao-com-varanda-na-areosa-ID1hNCs,70,needs_review,Adicionado há 5 dias,2026-01-28T04:08:38.051112
https://www.imovirtual.com/pt/anuncio/apartamento-t2-royal-ID1hNoU,70,needs_review,Adicionado há 5 dias,2026-01-28T04:08:38.051114
https://www.imovirtual.com/pt/anuncio/apartamento-t1-com-varanda-em-condominio-fechado-na-avenida-da-cond-ID1hNoz,70,needs_review,Adicionado há 5 dias,2026-01-28T04:08:38.051116
https://www.imovirtual.com/pt/anuncio/t1k-com-terraco-proximo-ao-hospital-sao-joao-e-polo-universitario-ID1hL9D,70,needs_review,...,2026-01-28T04:08:38.051119
https://www.imovirtual.com/pt/anuncio/t2-como-novo-em-campo-valongo-ID1hLVS,70,needs_review,225 000 ,2026-01-28T04:08:38.051122
https://www.imovirtual.com/pt/anuncio/apartamento-t2-ermesinde-ID1hI33,70,needs_review,...,2026-01-28T04:08:38.051123
https://www.imovirtual.com/pt/anuncio/t1-c-varanda-em-ermesinde-ID1hNZJ,70,needs_review,Adicionado há 2 dias,2026-01-28T04:08:38.051124
https://www.imovirtual.com/pt/anuncio/apartamento-t2-em-valongo-travessa-antonio-pimenta-elias-ID1gYva,70,needs_review,...,2026-01-28T04:08:38.051125
https://www.imovirtual.com/pt/anuncio/apartamento-t3-valongo-ID1gSkd,70,needs_review,...,2026-01-28T04:08:38.051126
https://www.imovirtual.com/pt/anuncio/t2-duplex-em-santiago-de-subarrifana-penafiel-ID1hOdL,70,needs_review,180 000 ,2026-01-28T04:08:38.051127
https://www.imovirtual.com/pt/anuncio/t1-transformado-em-t2-em-paco-de-sousa-penafiel-ID1hNYU,70,needs_review,195 000 ,2026-01-28T04:08:38.051128
https://www.imovirtual.com/pt/anuncio/apartamento-t3-para-venda-ID1hMSo,70,needs_review,Adicionado há 7 dias,2026-01-28T04:08:38.051129
https://www.imovirtual.com/pt/anuncio/apartamentos-t-2-duplex-centro-de-penafiel-ID1hD9D,70,needs_review,...,2026-01-28T04:08:38.051130
https://www.imovirtual.com/pt/anuncio/apartamento-t2-para-venda-ID1hykc,70,needs_review,...,2026-01-28T04:08:38.051131
https://www.imovirtual.com/pt/anuncio/t1-novo-terracos-de-s-gens-a-poucos-minutos-do-norteshopping-ID1hNwP,70,needs_review,Adicionado há 5 dias,2026-01-28T04:08:38.051132
https://www.imovirtual.com/pt/anuncio/t1-novo-a-400-metros-da-praia-de-valadares-ID1hFjS,70,needs_review,...,2026-01-28T04:08:38.051136
https://www.imovirtual.com/pt/anuncio/t2-c-marquise-em-vilar-do-paraiso-ID1hOBu,70,needs_review,236 000 ,2026-01-28T04:08:38.051133
https://www.imovirtual.com/pt/anuncio/t1-novo-com-varanda-e-lugar-de-estacionamento-em-vila-nova-de-gaia-ID1hOrK,70,needs_review,Adicionado ontem,2026-01-28T04:08:38.051134
https://www.imovirtual.com/pt/anuncio/apartamento-t3-laborim-ID1hbRz,70,needs_review,...,2026-01-28T04:08:38.051135
https://www.imovirtual.com/pt/anuncio/apartamento-t2-1-renovado-em-gulpilhares-ID1hKzy,70,needs_review,...,2026-01-28T04:08:38.051137
https://www.imovirtual.com/pt/anuncio/apartamento-t2-1-em-vila-nova-de-gaia-ID1ho8f,70,needs_review,...,2026-01-28T04:08:38.051138
https://www.imovirtual.com/pt/anuncio/apartamento-t2-em-pedroso-vila-nova-de-gaia-para-investidores-ID1hKW4,70,needs_review,...,2026-01-28T04:08:38.051139
https://www.imovirtual.com/pt/anuncio/apartamento-na-povoa-de-varzim-ID1hNqe,70,needs_review,Adicionado há 5 dias,2026-01-28T04:08:38.051140
https://www.imovirtual.com/pt/anuncio/apartamento-t1-no-coracao-da-povoa-de-varzim-ID1hM9C,70,needs_review,...,2026-01-28T04:08:38.051141
https://www.imovirtual.com/pt/anuncio/t3-com-133-m-em-aver-o-mar-a-poucos-minutos-da-praia-elevador-e-g-ID1hLfq,70,needs_review,...,2026-01-28T04:08:38.051142
https://www.imovirtual.com/pt/anuncio/apartamento-t1-na-povoa-de-varzim-ID1hLaU,70,needs_review,...,2026-01-28T04:08:38.051143
https://www.imovirtual.com/pt/anuncio/apartamento-t3-a-700metros-da-praia-de-pvz-ID19Hid,70,needs_review,...,2026-01-28T04:08:38.051144
https://www.imovirtual.com/pt/anuncio/apartamento-t2-1-remodelado-proximo-do-metro-na-povoa-de-varzim-ID1hH0G,70,needs_review,...,2026-01-28T04:08:38.051145
https://www.imovirtual.com/pt/anuncio/apartamento-t3-cristelos-boim-e-ordem-lousada-ID1heQq,70,needs_review,239 990 ,2026-01-28T04:08:38.051146
https://www.imovirtual.com/pt/anuncio/andar-moradia-t4-real-ataide-e-oliveira-amarante-ID1hA8K,70,needs_review,215 000 ,2026-01-28T04:08:38.051147
https://www.imovirtual.com/pt/anuncio/apartamento-t3-ID1gLEy,70,needs_review,...,2026-01-28T04:08:38.051148
https://www.imovirtual.com/pt/anuncio/apartamento-t3-nespereira-lousada-ID1hh7n,70,needs_review,...,2026-01-28T04:08:38.051149
https://www.imovirtual.com/pt/anuncio/apartamento-t3-para-investidores-ID1hnnN,70,needs_review,...,2026-01-28T04:08:38.051149
https://www.imovirtual.com/pt/anuncio/apartamento-t3-remodelado-em-torno-lousada-ID1hnnE,70,needs_review,...,2026-01-28T04:08:38.051151
https://www.imovirtual.com/pt/anuncio/apartamento-t2-ID1hqWZ,70,needs_review,...,2026-01-28T13:23:55.466103
https://www.imovirtual.com/pt/anuncio/apartamento-t1-venda-em-viseu-viseu-ID1givb,70,needs_review,...,2026-01-28T13:23:55.466105
https://www.imovirtual.com/pt/anuncio/apartamento-t2-a-2-km-estacao-rio-tinto-ID1hONQ,70,needs_review,Adicionados hoje,2026-01-28T13:23:55.466110
https://www.imovirtual.com/pt/anuncio/t2-agualva-ID1hOMk,70,needs_review,Adicionados hoje,2026-01-28T13:23:55.466108
https://www.imovirtual.com/pt/anuncio/t3-totalmente-renovado-em-rio-tinto-ID1hOGY,70,needs_review,Adicionados hoje,2026-01-28T13:23:55.466112
https://www.imovirtual.com/pt/anuncio/t2-a-sta-rita-ermesinde-ID1hHlf,70,needs_review,...,2026-01-28T13:23:55.466113
https://www.imovirtual.com/pt/anuncio/apartamento-t2-em-coimbroes-junto-ao-gaiashopping-ID1hLV8,70,needs_review,...,2026-01-28T13:23:55.466115
https://www.imovirtual.com/pt/anuncio/apartamento-t2-lousada-caide-de-rei-ID1h0IX,70,needs_review,...,2026-01-28T13:23:55.466117
https://www.imovirtual.com/pt/anuncio/apartamento-t0-1-caulinos-residence-novo-lugar-de-garagem-lu-ID1hrSl,69,needs_review,245 000 ,2026-01-28T04:08:38.051154
https://www.imovirtual.com/pt/anuncio/apartamento-t2-em-remodelacao-nogueira-da-maia-garagem-elevador-ID1hObk,69,needs_review,Adicionado há 2 dias,2026-01-28T04:08:38.051153
https://www.imovirtual.com/pt/anuncio/apartamento-t0-1-caulinos-residence-novo-lugar-de-garagem-na-ID1hnV3,69,needs_review,...,2026-01-28T04:08:38.051155
https://www.imovirtual.com/hpr/pt/anuncio/apartamento-t0-1-caulinos-residence-novo-lugar-de-garagem-lu-ID1hrSl,69,needs_review,"245 000 5231 /m²Apartamento T0 + 1 | Caulinos Residence | NOVO | Lugar de Garagem | LuRua Fortunato de Almeida, Montes Caulinos, São Mamede de Infesta e Senhora da Hora, Matosinhos, PortoTipologiaT1",2026-01-28T04:08:38.051156
https://www.imovirtual.com/pt/anuncio/apartamento-t1-polo-universitario-asprela-com-lugar-de-garagem-ID1hOOm,69,needs_review,Adicionados hoje,2026-01-28T13:23:55.466119
https://www.imovirtual.com/pt/anuncio/t1-varanda-e-lug-gar-rio-tinto-ID1hNwe,67,needs_review,Adicionado há 5 dias,2026-01-28T04:08:38.051157
https://www.imovirtual.com/pt/anuncio/t1-novo-com-varanda-proximo-ao-hospital-sao-joao-e-polo-universit-ID1hL9b,67,needs_review,...,2026-01-28T04:08:38.051158
https://www.imovirtual.com/pt/anuncio/t0-novo-c-varanda-em-pedroucos-maia-ID1hJne,67,needs_review,...,2026-01-28T04:08:38.051158
https://www.imovirtual.com/pt/anuncio/apartamento-t2-para-venda-ID1hNbn,67,needs_review,Adicionado há 6 dias,2026-01-28T04:08:38.051159
https://www.imovirtual.com/pt/anuncio/t1-1-acolhedor-com-varanda-na-senhora-da-hora-ID1hFeg,67,needs_review,245 000 ,2026-01-28T04:08:38.051160
https://www.imovirtual.com/pt/anuncio/venda-de-propriedade-raiz-de-t1-com-vista-mar-em-matosinhos-com-rese-ID1gTIh,67,needs_review,...,2026-01-28T04:08:38.051161
https://www.imovirtual.com/pt/anuncio/t1-novo-c-varanda-no-empreendimento-bela-vista-tower-matosinhos-ID1hM0V,67,needs_review,...,2026-01-28T04:08:38.051162
https://www.imovirtual.com/pt/anuncio/t0-com-varanda-no-coracao-de-matosinhos-ID1hLEb,67,needs_review,...,2026-01-28T04:08:38.051163
https://www.imovirtual.com/pt/anuncio/predio-para-venda-ID1hOM0,67,needs_review,Adicionados hoje,2026-01-28T13:23:55.466122
https://www.imovirtual.com/hpr/pt/anuncio/otimo-apartamento-t2-2-frentes-aguas-santas-junto-as-piscinas-ID1hHDN,67,needs_review,"229 500 2765 /m²ÓTIMO APARTAMENTO T2, 2 frentes, Águas Santas ( junto às piscinas)Águas Santas, Maia, PortoTipologiaT2Preço por metro quadrado83 m²Andar1 andarVer descrição do anúncioDestacadoCarla",2026-01-28T13:23:55.466124
https://www.imovirtual.com/pt/anuncio/t3-mem-martins-85-m-oportunidade-rara-na-zona-ID1hN5S,65,needs_review,Adicionado há 6 dias,2026-01-28T04:08:38.051164
https://www.imovirtual.com/pt/anuncio/predio-exclusivo-no-centro-de-montargil-ID1hEJf,65,needs_review,...,2026-01-28T04:08:38.051165
https://www.imovirtual.com/pt/anuncio/apartamento-t1-venda-em-canico-santa-cruz-ID1hOEH,65,needs_review,Adicionado ontem,2026-01-28T04:08:38.051166
https://www.imovirtual.com/pt/anuncio/t0-remax-station-consultora-imobiliaria-meyre-pinto-ID1hFAI,65,needs_review,...,2026-01-28T04:08:38.051167
https://www.imovirtual.com/pt/anuncio/apartamento-t1-para-venda-ID1hOEf,65,needs_review,Adicionado ontem,2026-01-28T04:08:38.051167
https://www.imovirtual.com/pt/anuncio/apartamento-t1-para-venda-ID1hOEc,65,needs_review,Adicionado ontem,2026-01-28T04:08:38.051168
https://www.imovirtual.com/pt/anuncio/apartamento-t0-para-venda-ID1hOEa,65,needs_review,Adicionado ontem,2026-01-28T04:08:38.051169
https://www.imovirtual.com/pt/anuncio/apartamento-t1-para-venda-ID1hOE9,65,needs_review,Adicionado ontem,2026-01-28T04:08:38.051170
https://www.imovirtual.com/pt/anuncio/apartamento-t1-para-venda-ID1hOE2,65,needs_review,Adicionado ontem,2026-01-28T04:08:38.051171
https://www.imovirtual.com/pt/anuncio/apartamento-t2-para-venda-ID1hOE1,65,needs_review,Adicionado ontem,2026-01-28T04:08:38.051172
https://www.imovirtual.com/pt/anuncio/apartamento-t2-venda-em-povoa-de-santa-iria-e-forte-da-casa-vila-franc-ID1hODW,65,needs_review,Adicionado ontem,2026-01-28T04:08:38.051173
https://www.imovirtual.com/pt/anuncio/apartamento-t1-em-quinta-do-anjo-de-59-m2-ID1hODC,65,needs_review,Adicionado ontem,2026-01-28T04:08:38.051174
https://www.imovirtual.com/pt/anuncio/t2-arcozelo-ID1hODo,65,needs_review,235 000 ,2026-01-28T04:08:38.051232
https://www.imovirtual.com/pt/anuncio/apartamento-t2-rio-tinto-renovado-ID1hCym,65,needs_review,225 000 ,2026-01-28T04:08:38.051176
https://www.imovirtual.com/pt/anuncio/apartamento-t2-venda-em-baguim-do-monte-rio-tinto-gondomar-ID1hOzg,65,needs_review,229 000 ,2026-01-28T04:08:38.051176
https://www.imovirtual.com/pt/anuncio/apartamento-t2-venda-em-rio-tinto-gondomar-ID1hOzf,65,needs_review,229 000 ,2026-01-28T04:08:38.051177
https://www.imovirtual.com/pt/anuncio/apartamento-t1-em-gondomar-com-acessibilidade-e-jardim-ID1hK9f,65,needs_review,...,2026-01-28T04:08:38.051178
https://www.imovirtual.com/pt/anuncio/apartamento-t2-proximo-da-estacao-do-metro-ID1hD9S,65,needs_review,...,2026-01-28T04:08:38.051179
https://www.imovirtual.com/pt/anuncio/ultimas-fracoes-t1-disponiveis-fantasticos-apartamentos-t1-com-co-ID1hOjV,65,needs_review,Adicionado ontem,2026-01-28T04:08:38.051180
https://www.imovirtual.com/pt/anuncio/apartamento-t2-gondomar-ID1hOfz,65,needs_review,Adicionado há 2 dias,2026-01-28T04:08:38.051181
https://www.imovirtual.com/pt/anuncio/apartamento-t0-venda-em-rio-tinto-gondomar-ID1hMgE,65,needs_review,...,2026-01-28T04:08:38.051182
https://www.imovirtual.com/pt/anuncio/apartamento-t2-gondomar-ID1hKdK,65,needs_review,...,2026-01-28T04:08:38.051183
https://www.imovirtual.com/pt/anuncio/apartamento-t2-royal-ID1hKRZ,65,needs_review,...,2026-01-28T04:08:38.051184
https://www.imovirtual.com/pt/anuncio/apartamento-t2-remodelado-em-santegaos-rio-tinto-excelente-oport-ID1hvYB,65,needs_review,...,2026-01-28T04:08:38.051185
https://www.imovirtual.com/pt/anuncio/apartamento-73-m-baguim-do-monte-ID1hNEG,65,needs_review,Adicionado há 5 dias,2026-01-28T04:08:38.051186
https://www.imovirtual.com/pt/anuncio/apartamento-t2-venda-em-gondomar-sao-cosme-valbom-e-jovim-gondomar-ID1hNEt,65,needs_review,Adicionado há 5 dias,2026-01-28T04:08:38.051187
https://www.imovirtual.com/pt/anuncio/apartamento-t2-para-venda-ID1hNz7,65,needs_review,Adicionado há 5 dias,2026-01-28T04:08:38.051188
https://www.imovirtual.com/pt/anuncio/apartamento-t3-renovado-ao-centro-de-rio-tinto-ID1hzvj,65,needs_review,...,2026-01-28T04:08:38.051188
https://www.imovirtual.com/pt/anuncio/apartamento-t1-novo-ouro-valley-rio-tinto-ID1hNwh,65,needs_review,Adicionado há 5 dias,2026-01-28T04:08:38.051189
https://www.imovirtual.com/pt/anuncio/apartamento-t1-alfena-ID1hOrN,65,needs_review,158 000 ,2026-01-28T04:08:38.051190
https://www.imovirtual.com/pt/anuncio/apartamento-t2-renovado-no-centro-de-valongo-ID1hO9X,65,needs_review,210 000 ,2026-01-28T04:08:38.051191
https://www.imovirtual.com/pt/anuncio/comprar-excepcional-novo-t1-ultimo-piso-alfena-central-ID1g17e,65,needs_review,230 000 ,2026-01-28T04:08:38.051192
https://www.imovirtual.com/pt/anuncio/apartamento-t1-no-centro-de-ermesinde-ref-prt-01587-mh-ID1hO1j,65,needs_review,209 000 ,2026-01-28T04:08:38.051193
https://www.imovirtual.com/pt/anuncio/apartamento-t1-novo-alfena-centro-ID1hLhO,65,needs_review,...,2026-01-28T04:08:38.051194
https://www.imovirtual.com/pt/anuncio/apartamento-t1-no-centro-de-ermesinde-ID1hNZX,65,needs_review,Adicionado há 2 dias,2026-01-28T04:08:38.051194
https://www.imovirtual.com/pt/anuncio/t3-ermesinde-ID1hNAc,65,needs_review,Adicionado há 5 dias,2026-01-28T04:08:38.051195
https://www.imovirtual.com/pt/anuncio/apartamento-t2-situado-em-valongo-ID1hvOy,65,needs_review,...,2026-01-28T04:08:38.051196
https://www.imovirtual.com/pt/anuncio/apartamento-t1-cosmopolitan-one-ID1hC8n,65,needs_review,...,2026-01-28T04:08:38.051197
https://www.imovirtual.com/pt/anuncio/t1-ermesinde-ID1hMGa,65,needs_review,Adicionado há 7 dias,2026-01-28T04:08:38.051198
https://www.imovirtual.com/pt/anuncio/apartamento-t1-1-ID1hLT6,65,needs_review,...,2026-01-28T04:08:38.051199
https://www.imovirtual.com/pt/anuncio/t2-oportunidade-ermesinde-ID1hLdi,65,needs_review,...,2026-01-28T04:08:38.051200
https://www.imovirtual.com/pt/anuncio/venda-apartamento-ID1hKxK,65,needs_review,...,2026-01-28T04:08:38.051201
https://www.imovirtual.com/pt/anuncio/t2-para-recuperacao-em-alfena-valongo-ID1gYv9,65,needs_review,...,2026-01-28T04:08:38.051201
https://www.imovirtual.com/pt/anuncio/apartamento-t3-para-venda-ID1hJJU,65,needs_review,...,2026-01-28T04:08:38.051202
https://www.imovirtual.com/pt/anuncio/t2-ermesinde-mobilado-e-equipado-ID1hJa5,65,needs_review,...,2026-01-28T04:08:38.051203
https://www.imovirtual.com/pt/anuncio/apartamento-t1-paco-sousa-ID1hOrs,65,needs_review,192 000 ,2026-01-28T04:08:38.051204
https://www.imovirtual.com/pt/anuncio/edificio-campo-do-ouro-st-marta-penafiel-ID1hKEj,65,needs_review,...,2026-01-28T04:08:38.051205
https://www.imovirtual.com/pt/anuncio/edificio-campo-do-ouro-st-marta-penafiel-ID1hKE9,65,needs_review,...,2026-01-28T04:08:38.051206
https://www.imovirtual.com/pt/anuncio/edificio-campo-do-ouro-st-marta-penafiel-ID1hKE0,65,needs_review,...,2026-01-28T04:08:38.051206
https://www.imovirtual.com/pt/anuncio/edificio-campo-do-ouro-st-marta-penafiel-ID1hKDY,65,needs_review,...,2026-01-28T04:08:38.051207
https://www.imovirtual.com/pt/anuncio/edificio-campo-do-ouro-st-marta-penafiel-ID1hKDU,65,needs_review,...,2026-01-28T04:08:38.051208
https://www.imovirtual.com/pt/anuncio/apartamento-t2-penafiel-modernidade-espaco-e-localizacao-privile-ID1hCMG,65,needs_review,...,2026-01-28T04:08:38.051209
https://www.imovirtual.com/pt/anuncio/edificio-campo-do-ouro-st-marta-penafiel-ID1hFCy,65,needs_review,...,2026-01-28T04:08:38.051210
https://www.imovirtual.com/pt/anuncio/edificio-campo-do-ouro-santa-marta-penafiel-apartamento-t2-ID1hGFx,65,needs_review,...,2026-01-28T04:08:38.051211
https://www.imovirtual.com/pt/anuncio/edificio-campo-do-ouro-santa-marta-penafiel-apartamento-t2-ID1hGFw,65,needs_review,...,2026-01-28T04:08:38.051212
https://www.imovirtual.com/pt/anuncio/edificio-campo-do-ouro-santa-marta-penafiel-apartamento-t2-ID1hGFo,65,needs_review,...,2026-01-28T04:08:38.051212
https://www.imovirtual.com/pt/anuncio/edificio-campo-do-ouro-santa-marta-penafiel-apartamento-t2-ID1hGFn,65,needs_review,...,2026-01-28T04:08:38.051213
https://www.imovirtual.com/pt/anuncio/edificio-campo-do-ouro-santa-marta-penafiel-apartamento-t2-ID1hGFm,65,needs_review,...,2026-01-28T04:08:38.051214
https://www.imovirtual.com/pt/anuncio/apartamento-t1-em-pacos-de-sousa-ID1hGB5,65,needs_review,...,2026-01-28T04:08:38.051215
https://www.imovirtual.com/pt/anuncio/edificio-campo-do-ouro-st-marta-penafiel-ID1hFCv,65,needs_review,...,2026-01-28T04:08:38.051216
https://www.imovirtual.com/pt/anuncio/apartamento-t1-penafiel-modernidade-espaco-e-localizacao-privile-ID1hCML,65,needs_review,...,2026-01-28T04:08:38.051217
https://www.imovirtual.com/pt/anuncio/apartamento-t1-penafiel-ID1hcWs,65,needs_review,...,2026-01-28T04:08:38.051218
https://www.imovirtual.com/pt/anuncio/apartamento-em-penafiel-paco-de-sousa-ID1hzuB,65,needs_review,...,2026-01-28T04:08:38.051219
https://www.imovirtual.com/pt/anuncio/edificio-campo-do-ouro-santa-marta-penafiel-apartamento-t2-ID1hzmI,65,needs_review,...,2026-01-28T04:08:38.051219
https://www.imovirtual.com/pt/anuncio/apartamento-t1-venda-em-penafiel-penafiel-ID1hehJ,65,needs_review,...,2026-01-28T04:08:38.051228
https://www.imovirtual.com/pt/anuncio/apartamento-t2-venda-em-penafiel-penafiel-ID1hehF,65,needs_review,...,2026-01-28T04:08:38.051229
https://www.imovirtual.com/pt/anuncio/apartamento-t1-novo-em-vila-nova-de-gaia-ID1hMaL,65,needs_review,...,2026-01-28T04:08:38.051231
https://www.imovirtual.com/pt/anuncio/apartamento-t1-venda-em-canidelo-vila-nova-de-gaia-ID1hOze,65,needs_review,Adicionado ontem,2026-01-28T04:08:38.051234
https://www.imovirtual.com/pt/anuncio/apartamento-t1-condominio-jardins-da-seara-lote-8-ID1hOws,65,needs_review,Adicionado ontem,2026-01-28T04:08:38.051234
https://www.imovirtual.com/pt/anuncio/t1-canidelo-vila-nova-de-gaia-junto-ao-mercadona-totalmente-remo-ID1hOsS,65,needs_review,Adicionado ontem,2026-01-28T04:08:38.051235
https://www.imovirtual.com/pt/anuncio/t0-centro-de-vila-nova-de-gaia-ID1g28P,65,needs_review,...,2026-01-28T04:08:38.051236
https://www.imovirtual.com/pt/anuncio/viva-num-espaco-unico-com-vistas-para-o-douro-ID1hHON,65,needs_review,...,2026-01-28T04:08:38.051237
https://www.imovirtual.com/pt/anuncio/elegante-apartamento-t2-moderno-novo-a-venda-em-vilar-do-paraiso-ID1gv10,65,needs_review,...,2026-01-28T04:08:38.051240
https://www.imovirtual.com/pt/anuncio/apartamento-t2-em-excelente-estado-oliveira-do-douro-ID1hOe3,65,needs_review,Adicionado há 2 dias,2026-01-28T04:08:38.051241
https://www.imovirtual.com/pt/anuncio/t1-novo-no-jardins-da-seara-em-oliveira-do-douro-ID1hOe1,65,needs_review,Adicionado há 2 dias,2026-01-28T04:08:38.051242
https://www.imovirtual.com/pt/anuncio/apartamento-t1-vila-nova-de-gaia-emp-01183-co-ID1hO1T,65,needs_review,Adicionado há 2 dias,2026-01-28T04:08:38.051243
https://www.imovirtual.com/pt/anuncio/apartamento-t1-novo-e-moderno-no-coracao-de-valadares-ID1hBTr,65,needs_review,...,2026-01-28T04:08:38.051244
https://www.imovirtual.com/pt/anuncio/apartamento-t2-venda-em-oliveira-do-douro-vila-nova-de-gaia-ID1hNVT,65,needs_review,Adicionado há 3 dias,2026-01-28T04:08:38.051245
https://www.imovirtual.com/pt/anuncio/apartamento-t1-venda-em-oliveira-do-douro-vila-nova-de-gaia-ID1hNVD,65,needs_review,Adicionado há 3 dias,2026-01-28T04:08:38.051246
https://www.imovirtual.com/pt/anuncio/t-3-a-50-metros-da-praca-do-almada-ID1hEMP,65,needs_review,250 000 ,2026-01-28T04:08:38.051247
https://www.imovirtual.com/pt/anuncio/apartamento-t2-povoa-de-varzim-ID1h5gc,65,needs_review,245 000 ,2026-01-28T04:08:38.051248
https://www.imovirtual.com/pt/anuncio/apartamento-t1-renovado-em-condominio-fechado-com-piscina-a-50m-d-ID1hOwu,65,needs_review,245 000 ,2026-01-28T04:08:38.051248
https://www.imovirtual.com/pt/anuncio/t1-luxo-condominio-com-piscina-ID1hN5X,65,needs_review,245 000 ,2026-01-28T04:08:38.051249
https://www.imovirtual.com/pt/anuncio/apartamento-t1-matriz-povoa-de-varzim-ID1gJpr,65,needs_review,...,2026-01-28T04:08:38.051250
https://www.imovirtual.com/pt/anuncio/apartamento-t1-para-venda-ID1hNQV,65,needs_review,Adicionado há 4 dias,2026-01-28T04:08:38.051251
https://www.imovirtual.com/pt/anuncio/apartamento-t1-para-venda-ID1hNQJ,65,needs_review,Adicionado há 4 dias,2026-01-28T04:08:38.051252
https://www.imovirtual.com/pt/anuncio/apartamento-t1-para-venda-ID1hNQx,65,needs_review,Adicionado há 4 dias,2026-01-28T04:08:38.051252
https://www.imovirtual.com/pt/anuncio/t2-em-2-linha-de-mar-em-aver-o-mar-na-povoa-de-varzim-ID1hA8s,65,needs_review,...,2026-01-28T04:08:38.051253
https://www.imovirtual.com/pt/anuncio/apartamento-t1-1-venda-em-povoa-de-varzim-beiriz-e-argivai-povoa-de-v-ID1hNcd,65,needs_review,Adicionado há 6 dias,2026-01-28T04:08:38.051254
https://www.imovirtual.com/pt/anuncio/apartamento-t1-povoa-de-varzim-ID1hMkh,65,needs_review,...,2026-01-28T04:08:38.051255
https://www.imovirtual.com/pt/anuncio/apartamento-t1-povoa-de-varzim-ID1hEdM,65,needs_review,...,2026-01-28T04:08:38.051256
https://www.imovirtual.com/pt/anuncio/apartamento-t2-povoa-de-varzim-ID1hEfV,65,needs_review,...,2026-01-28T04:08:38.051256
https://www.imovirtual.com/pt/anuncio/apartamento-t1-para-venda-ID1hLMt,65,needs_review,...,2026-01-28T04:08:38.051257
https://www.imovirtual.com/pt/anuncio/apartamento-t1-1-ID1hLq4,65,needs_review,...,2026-01-28T04:08:38.051258
https://www.imovirtual.com/pt/anuncio/apartamento-t0-ID1hLpW,65,needs_review,...,2026-01-28T04:08:38.051259
https://www.imovirtual.com/pt/anuncio/apartamento-t2-aver-o-mar-povoa-de-varzim-2-linha-ID1hL58,65,needs_review,...,2026-01-28T04:08:38.051260
https://www.imovirtual.com/pt/anuncio/apartamento-t2-em-a-ver-o-mar-ID1hL4Y,65,needs_review,...,2026-01-28T04:08:38.051260
https://www.imovirtual.com/pt/anuncio/loja-transformada-em-t1-em-balazar-povoa-de-varzim-ID1gR0H,65,needs_review,...,2026-01-28T04:08:38.051261
https://www.imovirtual.com/pt/anuncio/apartamento-t1-para-venda-ID1hJDL,65,needs_review,...,2026-01-28T04:08:38.051262
https://www.imovirtual.com/pt/anuncio/apartamento-t1-novo-na-povoa-de-varzim-ID1hIyK,65,needs_review,...,2026-01-28T04:08:38.051263
https://www.imovirtual.com/pt/anuncio/apartamento-t1-na-povoa-de-varzim-excelente-localizacao-ID1hIvz,65,needs_review,...,2026-01-28T04:08:38.051264
https://www.imovirtual.com/pt/anuncio/apartamento-t1-1-duplex-povoa-de-varzim-centro-oportunidade-ID1gkrY,65,needs_review,...,2026-01-28T04:08:38.051265
https://www.imovirtual.com/pt/anuncio/apartamento-t1-venda-em-povoa-de-varzim-beiriz-e-argivai-povoa-de-var-ID1hGN6,65,needs_review,...,2026-01-28T04:08:38.051266
https://www.imovirtual.com/pt/anuncio/apartamento-t3-semi-novo-em-barrosas-felgueiras-ID1hOgU,65,needs_review,194 500 ,2026-01-28T04:08:38.051266
https://www.imovirtual.com/pt/anuncio/apartamento-t1-lousada-centro-ID1gJHS,65,needs_review,...,2026-01-28T04:08:38.051267
https://www.imovirtual.com/pt/anuncio/apartamento-t2-venda-em-lustosa-e-barrosas-santo-estevao-lousada-ID1hB93,65,needs_review,...,2026-01-28T04:08:38.051268
https://www.imovirtual.com/pt/anuncio/apartamento-t0-live-urban-lousada-ID1hBIO,65,needs_review,...,2026-01-28T04:08:38.051269
https://www.imovirtual.com/pt/anuncio/apartamento-t0-live-urban-lousada-ID1hBwO,65,needs_review,...,2026-01-28T04:08:38.051270
https://www.imovirtual.com/pt/anuncio/apartamento-t0-live-urban-lousada-ID1hBwL,65,needs_review,...,2026-01-28T04:08:38.051271
https://www.imovirtual.com/pt/anuncio/apartamento-t0-live-urban-lousada-ID1hBwJ,65,needs_review,...,2026-01-28T04:08:38.051271
https://www.imovirtual.com/pt/anuncio/ultimos-apartamento-novo-t2-lousada-ID1hA1k,65,needs_review,...,2026-01-28T04:08:38.051272
https://www.imovirtual.com/pt/anuncio/apartamento-t0-centro-de-lousada-ID1hdjZ,65,needs_review,...,2026-01-28T04:08:38.051273
https://www.imovirtual.com/pt/anuncio/excelente-t2-em-lousada-ID1hk8u,65,needs_review,...,2026-01-28T04:08:38.051274
https://www.imovirtual.com/pt/anuncio/excelente-t0-no-centro-de-lousada-ID1hk8U,65,needs_review,...,2026-01-28T04:08:38.051275
https://www.imovirtual.com/pt/anuncio/apartamento-t0-venda-em-cristelos-boim-e-ordem-lousada-ID1hsaM,65,needs_review,...,2026-01-28T04:08:38.051276
https://www.imovirtual.com/pt/anuncio/apartamento-t2-lousada-cristelos-boim-e-ordem-ID1h0Io,65,needs_review,...,2026-01-28T04:08:38.051277
https://www.imovirtual.com/pt/anuncio/apartamento-t1-lousada-cristelos-boim-e-ordem-ID1h0Jt,65,needs_review,...,2026-01-28T04:08:38.051277
https://www.imovirtual.com/pt/anuncio/t1-1-rua-maria-lalande-no-lavradio-ID1hOP0,65,needs_review,Adicionados hoje,2026-01-28T13:23:55.466125
https://www.imovirtual.com/pt/anuncio/apartamento-t1-venda-em-viseu-viseu-ID1h5np,65,needs_review,...,2026-01-28T13:23:55.466127
https://www.imovirtual.com/pt/anuncio/apartamento-t1-na-praia-da-amorosa-ID1fqXj,65,needs_review,...,2026-01-28T13:23:55.466129
https://www.imovirtual.com/pt/anuncio/apartamento-t1-pronto-a-habitar-com-vista-panoramica-bairro-do-revol-ID1hOOv,65,needs_review,Adicionados hoje,2026-01-28T13:23:55.466130
https://www.imovirtual.com/pt/anuncio/duque-flats-apartamento-t1-ID1hKpq,65,needs_review,...,2026-01-28T13:23:55.466132
https://www.imovirtual.com/pt/anuncio/estudio-t0-a-venda-ID1hONY,65,needs_review,Adicionados hoje,2026-01-28T13:23:55.466134
https://www.imovirtual.com/pt/anuncio/apartamento-t0-inserido-no-empreendimento-metro-292-ID1hNLu,65,needs_review,Adicionado há 4 dias,2026-01-28T13:23:55.466135
https://www.imovirtual.com/pt/anuncio/apartamento-t0-num-rc-em-sesimbra-ID1hmuH,65,needs_review,...,2026-01-28T13:23:55.466137
https://www.imovirtual.com/hpr/pt/anuncio/t1-1-rua-maria-lalande-no-lavradio-ID1hOP0,65,needs_review,"Adicionados hoje196 500 3573 /m²t1+1 Rua Maria Lalande  no LavradioBarreiro e Lavradio, Barreiro, SetúbalTipologiaT1Preço por metro quadrado55 m²Andarrés do chãoVer descrição do anúncioHeritage Real",2026-01-28T13:23:55.466138
https://www.imovirtual.com/pt/anuncio/apartamento-estudio-lousada-cristelos-boim-e-ordem-ID1hlvn,65,needs_review,...,2026-01-28T13:23:55.466140
https://www.imovirtual.com/pt/anuncio/apartamento-estudio-lousada-cristelos-boim-e-ordem-ID1hlvi,65,needs_review,...,2026-01-28T13:23:55.466142
https://www.imovirtual.com/pt/anuncio/apartamento-t1-no-empreendimento-campus-prestige-em-pedroucos-maia-ID1hOcL,62,needs_review,Adicionado há 2 dias,2026-01-28T04:08:38.051280
https://www.imovirtual.com/pt/anuncio/apartamento-t2-maia-ID1hMRi,62,needs_review,230 000 ,2026-01-28T04:08:38.051279
https://www.imovirtual.com/pt/anuncio/otimo-apartamento-t2-2-frentes-aguas-santas-junto-as-piscinas-ID1hHDN,62,needs_review,...,2026-01-28T04:08:38.051281
https://www.imovirtual.com/pt/anuncio/vende-se-t1-1-na-maia-ID1hN4X,62,needs_review,Adicionado há 6 dias,2026-01-28T04:08:38.051282
https://www.imovirtual.com/pt/anuncio/apartamento-t1-no-empreendimento-campus-prestige-em-pedroucos-maia-ID1hMuW,62,needs_review,...,2026-01-28T04:08:38.051282
https://www.imovirtual.com/pt/anuncio/apartamento-t3-em-aguas-santas-maia-oportunidade-unica-ID1hvAc,62,needs_review,...,2026-01-28T04:08:38.051283
https://www.imovirtual.com/pt/anuncio/apartamento-t1-pedroucos-ID1hMbn,62,needs_review,...,2026-01-28T04:08:38.051284
https://www.imovirtual.com/pt/anuncio/apartamento-t1-pedroucos-ID1hMb2,62,needs_review,...,2026-01-28T04:08:38.051285
https://www.imovirtual.com/pt/anuncio/apartamento-t1-no-empreendimento-campus-prestige-em-pedroucos-maia-ID1hLIC,62,needs_review,...,2026-01-28T04:08:38.051286
https://www.imovirtual.com/pt/anuncio/apartamento-t2-maia-gueifaes-excelente-oportunidade-ID1hLGP,62,needs_review,...,2026-01-28T04:08:38.051287
https://www.imovirtual.com/pt/anuncio/estudio-novo-proximo-ao-hospital-sao-joao-e-polo-universitario-ID1hL9l,62,needs_review,...,2026-01-28T04:08:38.051287
https://www.imovirtual.com/pt/anuncio/apartamento-como-novo-para-venda-maia-pedroucos-ID1hIum,62,needs_review,...,2026-01-28T04:08:38.051288
https://www.imovirtual.com/hpr/pt/anuncio/apartamento-t2-maia-ID1hMRi,62,needs_review,"Adicionado há 7 dias230 000 2644 /m²Apartamento T2 | MaiaGueifães, Cidade da Maia, Maia, PortoTipologiaT2Preço por metro quadrado87 m²Andar3 andarVer descrição do anúncioDestacadoCOMCASA.pt Imobiliá",2026-01-28T04:08:38.051289
https://www.imovirtual.com/pt/anuncio/apartamento-t2-para-venda-ID1hJNI,62,needs_review,...,2026-01-28T04:08:38.051290
https://www.imovirtual.com/pt/anuncio/moderno-t1-kitchenette-em-s-mamede-infesta-excelente-oportunidade-ID1hMOd,62,needs_review,Adicionado há 7 dias,2026-01-28T04:08:38.051300
https://www.imovirtual.com/pt/anuncio/t1-condominio-jardim-rendimento-lavra-ID17UAG,62,needs_review,228 000 ,2026-01-28T04:08:38.051292
https://www.imovirtual.com/pt/anuncio/t1-novo-junto-ao-lidl-monte-dos-burgos-ID1hOpp,62,needs_review,219 991 ,2026-01-28T04:08:38.051292
https://www.imovirtual.com/pt/anuncio/t1-novo-junto-junto-ao-lidl-ID1hOnN,62,needs_review,Adicionado ontem,2026-01-28T04:08:38.051293
https://www.imovirtual.com/pt/anuncio/apartamento-t3-funcional-com-duas-frentes-solares-em-matosinhos-ID1hOdM,62,needs_review,Adicionado há 2 dias,2026-01-28T04:08:38.051294
https://www.imovirtual.com/pt/anuncio/andar-moradia-t2-com-jardim-em-s-mamede-de-infesta-ID1hO7d,62,needs_review,Adicionado há 2 dias,2026-01-28T04:08:38.051295
https://www.imovirtual.com/pt/anuncio/apartamento-t0-ID1hO0X,62,needs_review,Adicionado há 2 dias,2026-01-28T04:08:38.051296
https://www.imovirtual.com/pt/anuncio/apartamento-t1-novo-em-matosinhos-sul-com-vista-mar-ID1hHjt,62,needs_review,...,2026-01-28T04:08:38.051297
https://www.imovirtual.com/pt/anuncio/apartamento-35-m-sao-mamede-de-infesta-e-senhora-da-hora-ID1hNwV,62,needs_review,Adicionado há 5 dias,2026-01-28T04:08:38.051298
https://www.imovirtual.com/pt/anuncio/t2-em-guifoes-faca-deste-espaco-a-sua-futura-casa-ID1hhTd,62,needs_review,...,2026-01-28T04:08:38.051299
https://www.imovirtual.com/pt/anuncio/apartamento-t1-para-venda-ID1hMZI,62,needs_review,Adicionado há 6 dias,2026-01-28T04:08:38.051299
https://www.imovirtual.com/pt/anuncio/apartamento-t0-em-matosinhos-sul-ID1hvz1,62,needs_review,...,2026-01-28T04:08:38.051301
https://www.imovirtual.com/pt/anuncio/apartamento-t0-em-matosinhos-sul-ID1hxqE,62,needs_review,...,2026-01-28T04:08:38.051302
https://www.imovirtual.com/pt/anuncio/t0-novo-no-empreendimento-bela-vista-tower-matosinhos-ID1hM0T,62,needs_review,...,2026-01-28T04:08:38.051303
https://www.imovirtual.com/pt/anuncio/apartamento-t0-empreendimento-bela-vista-tower-ID1hM0J,62,needs_review,...,2026-01-28T04:08:38.051304
https://www.imovirtual.com/pt/anuncio/apartamento-t1-venda-em-matosinhos-e-leca-da-palmeira-matosinhos-ID1hohv,62,needs_review,...,2026-01-28T04:08:38.051305
https://www.imovirtual.com/pt/anuncio/ps-apartamento-t0-1-novo-6-piso-empreendimento-caulinos-residences-ID1hLBV,62,needs_review,...,2026-01-28T04:08:38.051306
https://www.imovirtual.com/pt/anuncio/apartamento-t0-1-novo-empreendimento-caulinos-residences-ID1hLBc,62,needs_review,...,2026-01-28T04:08:38.051306
https://www.imovirtual.com/pt/anuncio/apartamento-t3-para-venda-ID1hOAf,62,needs_review,247 900 ,2026-01-28T04:08:38.051307
https://www.imovirtual.com/pt/anuncio/t1-c-lavandaria-em-mafamude-vila-nova-de-gaia-ID1hOzR,62,needs_review,219 000 ,2026-01-28T04:08:38.051308
https://www.imovirtual.com/pt/anuncio/apartamento-t0-junto-avenida-da-republica-ID1hIBK,62,needs_review,...,2026-01-28T04:08:38.051309
https://www.imovirtual.com/pt/anuncio/apartamento-t1-para-venda-ID1hNLY,62,needs_review,Adicionado há 4 dias,2026-01-28T04:08:38.051310
https://www.imovirtual.com/pt/anuncio/t2-ao-mercadona-em-espinho-de-2-frentes-com-garagem-varandas-22-ID1h2Y4,62,needs_review,...,2026-01-28T04:08:38.051311
https://www.imovirtual.com/hpr/pt/anuncio/apartamento-t1-novo-em-matosinhos-sul-com-vista-mar-ID1hHjt,62,needs_review,"235 000 5465 /m²Apartamento T1 Novo em  Matosinhos Sul com  Vista MarRua Sul, Zona Histórica de Matosinhos, Matosinhos e Leça da Palmeira, Matosinhos, PortoTipologiaT1Preço por metro quadrado43 m²An",2026-01-28T13:23:55.466143
https://www.imovirtual.com/pt/anuncio/novos-apartamentos-em-construcao-sra-do-monte-vila-nova-de-gaia-ID1gVyR,62,needs_review,...,2026-01-28T13:23:55.466145
https://www.imovirtual.com/pt/anuncio/apartamento-t1-em-vilar-do-paraiso-ID1hOGh,62,needs_review,Adicionados hoje,2026-01-28T13:23:55.466146
https://www.imovirtual.com/hpr/pt/anuncio/otimo-t1-c-varanda-e-lugar-de-garagem-junto-ao-gaia-shopping-ID1hOJ6,62,needs_review,"Adicionados hoje189 000 3780 /m²ÓTIMO T1 c/ varanda e lugar de garagem - Junto ao Gaia ShoppingCoimbrões, Santa Marinha e São Pedro da Afurada, Vila Nova de Gaia, PortoTipologiaT1Preço por metro qua",2026-01-28T13:23:55.466148
https://www.imovirtual.com/hpr/pt/anuncio/apartamento-t3-cristelos-boim-e-ordem-lousada-ID1heQq,55,needs_review,"239 990 1667 /m²Apartamento T3, Cristelos, Boim e Ordem, LousadaNespereira e Casais, Lousada, PortoTipologiaT3Preço por metro quadrado144 m²Andar1 andarVer descrição do anúncioDestacadoComprarCasa I",2026-01-28T13:23:55.466150
https://www.imovirtual.com/hpr/pt/anuncio/t2-como-novo-em-campo-valongo-ID1hLVS,50,needs_review,"225 000 2500 /m²T2 Como Novo em Campo-ValongoRua Virgilio Piçarra, Valongo, Valongo, PortoTipologiaT2Preço por metro quadrado90 m²Ver descrição do anúncioDestacadoCátia Rocha - ImocontaProfissional",2026-01-28T04:08:38.051312
https://www.imovirtual.com/hpr/pt/anuncio/apartamento-t1-paco-sousa-ID1hOrs,50,needs_review,"Adicionado ontem192 000 2526 /m²APARTAMENTO T1  - PAÇO SOUSAPaço de Sousa, Penafiel, PortoTipologiaT1Preço por metro quadrado76 m²Ver descrição do anúncioRE/MAX + Grupo VantagemProfissional",2026-01-28T04:08:38.051313
https://www.imovirtual.com/hpr/pt/anuncio/t2-arcozelo-ID1hODo,50,needs_review,"Adicionado ontem235 000 3133 /m²T2 ArcozeloAguda - Granja, Arcozelo, Vila Nova de Gaia, PortoTipologiaT2Preço por metro quadrado75 m²Ver descrição do anúncioJvieira - Soc. de Mediação Imobiliária Ld",2026-01-28T04:08:38.051314
https://www.imovirtual.com/hpr/pt/anuncio/t-3-a-50-metros-da-praca-do-almada-ID1hEMP,50,needs_review,"250 000 2193 /m²T. 3 a 50 metros da Praça do AlmadaPóvoa de Varzim, Beiriz e Argivai, Póvoa de Varzim, PortoTipologiaT3Preço por metro quadrado114 m²Andar2 andarVer descrição do anúncioDestacadoVian",2026-01-28T04:08:38.051315
https://www.imovirtual.com/pt/anuncio/ap-t0-novo-no-centro-de-espinho-empreendimento-light-sea-ID1h4N2,50,needs_review,200 000 ,2026-01-28T04:08:38.051315
https://www.imovirtual.com/pt/anuncio/excelente-investimento-no-centro-de-espinho-t0-empreendimento-ligh-ID1h4N4,50,needs_review,205 000 ,2026-01-28T04:08:38.051316
https://www.imovirtual.com/pt/anuncio/apartamento-de-luxo-em-espinho-ID1h5aV,50,needs_review,205 000 ,2026-01-28T04:08:38.051317
https://www.imovirtual.com/pt/anuncio/apartamento-t2-para-venda-ID1hyZS,50,needs_review,217 000 ,2026-01-28T04:08:38.051318
https://www.imovirtual.com/pt/anuncio/oportunidade-unica-apartamento-t3-em-silvalde-espinho-ID1gWDw,50,needs_review,...,2026-01-28T04:08:38.051319
https://www.imovirtual.com/pt/anuncio/apartamento-t2-em-espinho-oportunidade-a-92-000-ID1hfqG,50,needs_review,...,2026-01-28T04:08:38.051320
https://www.imovirtual.com/pt/anuncio/apartamento-em-espinho-espinho-ID1gCIw,50,needs_review,...,2026-01-28T04:08:38.051320
https://www.imovirtual.com/hpr/pt/anuncio/apartamento-t3-semi-novo-em-barrosas-felgueiras-ID1hOgU,50,needs_review,"Adicionado há 2 dias194 500 1839 /m²Apartamento T3 Semi-Novo em Barrosas  FelgueirasRua do Alto do Vaz, Lustosa e Barrosas (Santo Estêvão), Lousada, PortoTipologiaT3Preço por metro quadrado105.75 m",2026-01-28T04:08:38.051321
https://www.imovirtual.com/hpr/pt/anuncio/apartamento-t2-a-2-km-estacao-rio-tinto-ID1hONQ,50,needs_review,"Adicionados hoje225 000 3462 /m²APARTAMENTO T2 - A 2 km Estação RIO TINTOSantegãos - Estrada Nova - Campainha, Rio Tinto, Gondomar, PortoTipologiaT2Preço por metro quadrado65 m²Andar2 andarVer descr",2026-01-28T13:23:55.466151
https://www.imovirtual.com/hpr/pt/anuncio/apartamento-t1-novo-alfena-centro-ID1hLhO,50,needs_review,"230 000 4694 /m²Apartamento T1 Novo - Alfena / CentroAlfena, Valongo, PortoTipologiaT1Preço por metro quadrado49 m²Ver descrição do anúncioDestacadoPredial Pereira e FilhoProfissional",2026-01-28T13:23:55.466153
https://www.imovirtual.com/pt/anuncio/apartamento-t2-remodelado-c-varandas-garagem-elevador-centro-ID1hOEy,27,needs_review,Adicionado ontem,2026-01-28T04:08:38.051322
https://www.imovirtual.com/pt/anuncio/excelente-apartamento-t2-com-suite-varanda-e-lugar-de-garagem-em-ID1hwOk,27,needs_review,...,2026-01-28T04:08:38.051323
https://www.imovirtual.com/pt/anuncio/apartamento-t2-com-varanda-e-lugar-de-garagem-e-piscina-em-espinho-ID1gQcI,27,needs_review,...,2026-01-28T04:08:38.051324
https://www.imovirtual.com/pt/anuncio/apartamento-t2-com-varanda-e-lugar-de-garagem-em-empreendimento-com-ID1dMRL,27,needs_review,...,2026-01-28T04:08:38.051325
https://www.imovirtual.com/pt/anuncio/apartamento-t2-com-varanda-e-lugar-de-garagem-em-empreendimento-com-ID1dMRw,27,needs_review,...,2026-01-28T04:08:38.051325
https://www.imovirtual.com/pt/anuncio/apartamento-t0-com-varanda-e-lugar-de-garagem-em-empreendimento-com-ID1dMQY,27,needs_review,...,2026-01-28T04:08:38.051326
https://www.imovirtual.com/pt/anuncio/gondomar-t2-varanda-com-garagem-individual-ID1hLfP,24,needs_review,...,2026-01-28T04:08:38.051327
https://www.imovirtual.com/pt/anuncio/oportunidade-p-investimento-apartamento-t2-com-varanda-em-fiaes-ID1hLak,20,needs_review,...,2026-01-28T04:08:38.051328
https://www.imovirtual.com/pt/anuncio/apartamento-t1-com-varanda-em-condominio-fechado-na-avenida-da-cond-ID1hNoM,20,needs_review,Adicionado há 5 dias,2026-01-28T04:08:38.051329
https://www.imovirtual.com/pt/anuncio/apartamento-t1-empreendimento-agra-campus-3-pedroucos-maia-ID1hMQe,20,needs_review,Adicionado há 7 dias,2026-01-28T04:08:38.051330
https://www.imovirtual.com/pt/anuncio/apartamento-t1kit-empreendimento-agra-campus-3-pedroucos-maia-ID1hL2m,20,needs_review,...,2026-01-28T04:08:38.051331
https://www.imovirtual.com/pt/anuncio/moradia-terrea-t1-1-renovada-terraco-3-frentes-ID1hIEh,20,needs_review,...,2026-01-28T04:08:38.051332
https://www.imovirtual.com/pt/anuncio/apartamento-t2-venda-em-rio-de-loba-viseu-ID1hBVp,20,needs_review,...,2026-01-28T13:23:55.466154
https://www.imovirtual.com/pt/anuncio/apartamento-t3-para-venda-ID1hmfs,20,needs_review,...,2026-01-28T13:23:55.466156
https://www.imovirtual.com/pt/anuncio/t1-moderno-com-varanda-em-arca-dagua-porto-ID1hOLO,20,needs_review,Adicionados hoje,2026-01-28T13:23:55.466158
https://www.imovirtual.com/pt/anuncio/novo-t1-5-andar-com-varanda-em-aguas-santas-ID1hLF9,17,needs_review,...,2026-01-28T04:08:38.051332
https://www.imovirtual.com/pt/anuncio/apartamento-t0-com-varanda-e-estacionamento-proximo-a-estacao-de-me-ID1gmIm,17,needs_review,...,2026-01-28T04:08:38.051333
https://www.imovirtual.com/pt/anuncio/apartamento-t2-mobilado-e-cozinha-equipada-na-praia-apulia-ID1hB1u,15,needs_review,...,2026-01-28T04:08:38.051334
https://www.imovirtual.com/pt/anuncio/t1-miramar-light-living-ID1gT1G,15,needs_review,...,2026-01-28T04:08:38.051335
https://www.imovirtual.com/pt/anuncio/apartamento-t3-santa-joana-ID1hFBF,15,needs_review,232 500 ,2026-01-28T04:08:38.051336
https://www.imovirtual.com/pt/anuncio/t1-em-vila-do-condecedencia-de-posicao-5m-da-praia-e-200-mt-do-metro-ID1hOFd,15,needs_review,175 000 ,2026-01-28T04:08:38.051337
https://www.imovirtual.com/pt/anuncio/t0-em-esmoriz-ID1hK9Q,15,needs_review,...,2026-01-28T04:08:38.051338
https://www.imovirtual.com/pt/anuncio/apartamento-a-venda-em-travessa-pinheiro-66-mozelos-ID1hOEx,15,needs_review,Adicionado ontem,2026-01-28T04:08:38.051338
https://www.imovirtual.com/pt/anuncio/apartamento-t0-para-venda-ID1hOEl,15,needs_review,Adicionado ontem,2026-01-28T04:08:38.051339
https://www.imovirtual.com/pt/anuncio/apartamento-t1-para-venda-ID1hOEk,15,needs_review,Adicionado ontem,2026-01-28T04:08:38.051340
https://www.imovirtual.com/pt/anuncio/apartamento-t0-para-venda-ID1hOEh,15,needs_review,Adicionado ontem,2026-01-28T04:08:38.051341
https://www.imovirtual.com/pt/anuncio/apartamento-t1-para-venda-ID1hOEe,15,needs_review,Adicionado ontem,2026-01-28T04:08:38.051342
https://www.imovirtual.com/pt/anuncio/apartamento-t1-para-venda-ID1hOE7,15,needs_review,Adicionado ontem,2026-01-28T04:08:38.051343
https://www.imovirtual.com/pt/anuncio/apartamento-t0-para-venda-ID1hOE0,15,needs_review,Adicionado ontem,2026-01-28T04:08:38.051344
https://www.imovirtual.com/pt/anuncio/apartamento-t1-remodelado-na-urbanizacao-da-anta-sintra-ID1hNFR,15,needs_review,Adicionado há 5 dias,2026-01-28T04:08:38.051345
https://www.imovirtual.com/pt/anuncio/apartamento-t1-em-espinhal-de-54-00-m2-ID1hODz,15,needs_review,Adicionado ontem,2026-01-28T04:08:38.051345
https://www.imovirtual.com/pt/anuncio/apartamento-t1-em-espinhal-de-37-00-m2-ID1hODy,15,needs_review,Adicionado ontem,2026-01-28T04:08:38.051346
https://www.imovirtual.com/pt/anuncio/apartamento-t2-no-centro-de-covilha-ID1hODf,15,needs_review,Adicionado ontem,2026-01-28T04:08:38.051347
https://www.imovirtual.com/hpr/pt/anuncio/apartamento-t3-santa-joana-ID1hFBF,15,needs_review,"232 500 1831 /m²Apartamento T3 Santa JoanaRua Gil Vicente - Quinta da Corisca, Santa Joana, Aveiro, AveiroTipologiaT3Preço por metro quadrado127 m²Andar1 andarVer descrição do anúncioDestacadoOferta",2026-01-28T04:08:38.051348
https://www.imovirtual.com/pt/anuncio/apartamento-t2-rio-tinto-gondomar-ID1hOBr,15,needs_review,215 000 ,2026-01-28T04:08:38.051349
https://www.imovirtual.com/pt/anuncio/apartamento-t2-fanzeres-gondomar-ID1hv0A,15,needs_review,...,2026-01-28T04:08:38.051350
https://www.imovirtual.com/pt/anuncio/espetacular-t1-amplo-com-viabilidade-para-t2-valbom-gondomar-ID1hOvu,15,needs_review,Adicionado ontem,2026-01-28T04:08:38.051351
https://www.imovirtual.com/pt/anuncio/aparatmento-t2-nova-construcao-empreendimento-gondomar-fanzeres-ID1hHx8,15,needs_review,...,2026-01-28T04:08:38.051352
https://www.imovirtual.com/pt/anuncio/ap-t0-em-condominio-fechado-5-min-marina-do-freixo-piscina-pad-ID1hHEm,15,needs_review,...,2026-01-28T04:08:38.051353
https://www.imovirtual.com/pt/anuncio/apartamento-t1-novo-em-areosa-porto-ID1hNLo,15,needs_review,Adicionado há 4 dias,2026-01-28T04:08:38.051354
https://www.imovirtual.com/pt/anuncio/apartamento-t2-em-ermesinde-de-87-5-m2-ID1hMUK,15,needs_review,Adicionado há 7 dias,2026-01-28T04:08:38.051354
https://www.imovirtual.com/pt/anuncio/empreendimento-luxor-alfena-apartamentos-ID1hMvs,15,needs_review,...,2026-01-28T04:08:38.051355
https://www.imovirtual.com/pt/anuncio/apartamento-t1-em-excelente-estado-ID1hx09,15,needs_review,...,2026-01-28T04:08:38.051356
https://www.imovirtual.com/pt/anuncio/apartamentos-t2-novos-em-ermesinde-ID11Zf8,15,needs_review,...,2026-01-28T04:08:38.051357
https://www.imovirtual.com/pt/anuncio/t2-av-dr-fernando-melo-lagueiroes-valongo-ID1hK21,15,needs_review,...,2026-01-28T04:08:38.051358
https://www.imovirtual.com/pt/anuncio/apartamento-t2-para-venda-ID1hJXN,15,needs_review,...,2026-01-28T04:08:38.051358
https://www.imovirtual.com/pt/anuncio/apartamento-t2-em-ermesinde-ID1hHPa,15,needs_review,...,2026-01-28T04:08:38.051359
https://www.imovirtual.com/pt/anuncio/apartamento-t2-ermesinde-jardins-de-santa-rita-ID1hHt4,15,needs_review,...,2026-01-28T04:08:38.051360
https://www.imovirtual.com/pt/anuncio/apartamento-t2-penafiel-centro-ID1h3Vs,15,needs_review,245 000 ,2026-01-28T04:08:38.051361
https://www.imovirtual.com/pt/anuncio/apartamento-t3-venda-em-lagares-e-figueira-penafiel-ID1hNAK,15,needs_review,195 000 ,2026-01-28T04:08:38.051362
https://www.imovirtual.com/pt/anuncio/apartamento-t2-termas-de-s-v-penafiel-ID1holl,15,needs_review,...,2026-01-28T04:08:38.051363
https://www.imovirtual.com/pt/anuncio/apartamento-t3-para-venda-ID1hKR3,15,needs_review,...,2026-01-28T04:08:38.051364
https://www.imovirtual.com/pt/anuncio/apartamento-t2-em-pacos-de-sousa-penafiel-ID1hGCe,15,needs_review,...,2026-01-28T04:08:38.051365
https://www.imovirtual.com/pt/anuncio/apartamento-t1-penafiel-ID1hB4k,15,needs_review,...,2026-01-28T04:08:38.051366
https://www.imovirtual.com/pt/anuncio/apartamento-em-penafiel-paco-de-sousa-ID1hzuL,15,needs_review,...,2026-01-28T04:08:38.051366
https://www.imovirtual.com/pt/anuncio/apartamento-t2-para-venda-ID1hmRx,15,needs_review,...,2026-01-28T04:08:38.051367
https://www.imovirtual.com/pt/anuncio/apartamento-t2-penafiel-ID1hiMJ,15,needs_review,...,2026-01-28T04:08:38.051368
https://www.imovirtual.com/pt/anuncio/apartamento-t0-vila-nova-de-gaia-ID1hN4Y,15,needs_review,Adicionado há 6 dias,2026-01-28T04:08:38.051369
https://www.imovirtual.com/pt/anuncio/apartamento-t1-venda-em-mafamude-e-vilar-do-paraiso-vila-nova-de-gaia-ID1hNVN,15,needs_review,Adicionado há 3 dias,2026-01-28T04:08:38.051370
https://www.imovirtual.com/pt/anuncio/apartamento-t2-ideal-para-renovar-e-modernizar-ID1hOml,15,needs_review,220 000 ,2026-01-28T04:08:38.051371
https://www.imovirtual.com/pt/anuncio/apartamento-t1-mais-loja-em-balazar-povoa-de-varzim-ID1gV1a,15,needs_review,...,2026-01-28T04:08:38.051372
https://www.imovirtual.com/pt/anuncio/apartamento-t2-para-venda-ID1hJAd,15,needs_review,...,2026-01-28T04:08:38.051372
https://www.imovirtual.com/pt/anuncio/t3-em-penalves-povoa-de-varzim-ID1hHo4,15,needs_review,...,2026-01-28T04:08:38.051373
https://www.imovirtual.com/hpr/undefined,15,needs_review,"Por iniciarPreço sob consultaUrban 32 NascenteSilvalde, Espinho, AveiroTipologiaT0-T2Preço por metro quadrado40-80 m²Ver descrição do anúncioDestacadoMaison Porto ImobiliáriaEmpreendimentos",2026-01-28T04:08:38.051374
https://www.imovirtual.com/pt/anuncio/apartamento-t1-1-lousada-ID1hO2s,15,needs_review,194 000 ,2026-01-28T04:08:38.051375
https://www.imovirtual.com/pt/anuncio/apartamento-t3-nespereira-e-casais-lousada-ID1hlr5,15,needs_review,225 000 ,2026-01-28T04:08:38.051376
https://www.imovirtual.com/pt/anuncio/apartamento-t2-ID1gLGe,15,needs_review,...,2026-01-28T04:08:38.051376
https://www.imovirtual.com/pt/anuncio/t1-t3-novos-em-construcao-lousada-ID1gGw4,15,needs_review,...,2026-01-28T04:08:38.051377
https://www.imovirtual.com/pt/anuncio/apartamento-t0-venda-em-cristelos-boim-e-ordem-lousada-ID1gZnR,15,needs_review,...,2026-01-28T04:08:38.051378
https://www.imovirtual.com/pt/anuncio/apartamento-t3-silvares-pias-nogueira-e-alvarenga-lousada-ID1h7wB,15,needs_review,...,2026-01-28T04:08:38.051379
https://www.imovirtual.com/pt/anuncio/apartamento-t0-live-urban-lousada-ID1hBwK,15,needs_review,...,2026-01-28T04:08:38.051380
https://www.imovirtual.com/pt/anuncio/apartamento-t0-live-urban-lousada-ID1hBwN,15,needs_review,...,2026-01-28T04:08:38.051381
https://www.imovirtual.com/pt/anuncio/apartamento-t0-em-cristelos-boim-e-ordem-lousada-ID1hzYX,15,needs_review,...,2026-01-28T04:08:38.051381
https://www.imovirtual.com/pt/anuncio/excelente-t1-1-no-centro-de-lousada-ID1hk8O,15,needs_review,...,2026-01-28T04:08:38.051383
https://www.imovirtual.com/pt/anuncio/apartamento-t3-a-venda-em-barrosas-santo-estevao-lousada-ID1hv5Y,15,needs_review,...,2026-01-28T04:08:38.051383
https://www.imovirtual.com/pt/anuncio/apartamento-t2-lousada-caide-de-rei-ID1h0Ik,15,needs_review,...,2026-01-28T04:08:38.051384
https://www.imovirtual.com/pt/anuncio/apartamento-t1-ID1hcT4,15,needs_review,...,2026-01-28T04:08:38.051385
https://www.imovirtual.com/pt/anuncio/apartamento-t1-lousada-cristelos-boim-e-ordem-ID1h0IA,15,needs_review,...,2026-01-28T04:08:38.051386
https://www.imovirtual.com/pt/anuncio/apartamento-t1-lousada-cristelos-boim-e-ordem-ID1h0JF,15,needs_review,...,2026-01-28T04:08:38.051387
https://www.imovirtual.com/pt/anuncio/apartamento-a-venda-av-1-de-maio-paivas-amora-140-000-ID1hOOY,15,needs_review,Adicionados hoje,2026-01-28T13:23:55.466159
https://www.imovirtual.com/pt/anuncio/t0-espacoso-para-venda-rua-dos-sapadores-lisboa-ID1gBN2,15,needs_review,...,2026-01-28T13:23:55.466161
https://www.imovirtual.com/pt/anuncio/apartamento-t1-na-praia-da-amorosa-ID1fqXh,15,needs_review,...,2026-01-28T13:23:55.466162
https://www.imovirtual.com/pt/anuncio/apartamento-t0-venda-em-viseu-viseu-ID1give,15,needs_review,...,2026-01-28T13:23:55.466164
https://www.imovirtual.com/pt/anuncio/apartamento-t1-na-praia-da-amorosa-ID1fqXD,15,needs_review,...,2026-01-28T13:23:55.466165
https://www.imovirtual.com/pt/anuncio/apartamento-t1-na-praia-da-amorosa-ID1fBuq,15,needs_review,...,2026-01-28T13:23:55.466167
https://www.imovirtual.com/pt/anuncio/apartamento-t1-ID1h5hw,15,needs_review,...,2026-01-28T13:23:55.466168
https://www.imovirtual.com/pt/anuncio/apartamento-t1-com-quintal-na-baixa-de-setubal-ID1hzqd,15,needs_review,...,2026-01-28T13:23:55.466170
https://www.imovirtual.com/pt/anuncio/estudio-em-condominio-fechado-ao-lado-do-estadio-do-dragao-antas-ID1hOEU,12,needs_review,185 000 ,2026-01-28T04:08:38.051388
https://www.imovirtual.com/pt/anuncio/apartamento-t2-para-venda-ID1hOy5,12,needs_review,Adicionado ontem,2026-01-28T04:08:38.051392
https://www.imovirtual.com/pt/anuncio/t0-universidade-ismai-castelo-da-maia-ID1hOtf,12,needs_review,150 000 ,2026-01-28T04:08:38.051393
https://www.imovirtual.com/pt/anuncio/t0-universidade-ismai-castelo-da-maia-ID1hOlK,12,needs_review,150 000 ,2026-01-28T04:08:38.051394
https://www.imovirtual.com/pt/anuncio/apartamento-t0-universidade-ismae-castelo-da-maia-ID1hOkK,12,needs_review,150 000 ,2026-01-28T04:08:38.051395
https://www.imovirtual.com/pt/anuncio/t0-universidade-ismae-castelo-da-maia-ID1hOkp,12,needs_review,150 000 ,2026-01-28T04:08:38.051395
https://www.imovirtual.com/pt/anuncio/apartamento-t0-em-pedroucos-ID1hNT1,12,needs_review,Adicionado há 4 dias,2026-01-28T04:08:38.051396
https://www.imovirtual.com/pt/anuncio/t0-universidade-ismae-castelo-da-maia-ID1hNBK,12,needs_review,Adicionado há 5 dias,2026-01-28T04:08:38.051397
https://www.imovirtual.com/pt/anuncio/apartamento-t2-aguas-santas-ID1hdhS,12,needs_review,...,2026-01-28T04:08:38.051398
https://www.imovirtual.com/pt/anuncio/predio-com-2-apartamentos-e-logradouro-aguas-santas-maia-ID1hybC,12,needs_review,...,2026-01-28T04:08:38.051399
https://www.imovirtual.com/pt/anuncio/apartamento-t1-em-moreira-de-66-00-m2-ID1hhog,12,needs_review,...,2026-01-28T04:08:38.051400
https://www.imovirtual.com/pt/anuncio/apartamento-em-sao-mamede-de-infesta-e-senhora-da-hora-de-36-00-m2-ID1hGWa,12,needs_review,...,2026-01-28T04:08:38.051401
https://www.imovirtual.com/pt/anuncio/apartamentos-em-matosinhos-viva-junto-ao-mar-atlante-mare-ID1hKoO,12,needs_review,...,2026-01-28T04:08:38.051405
https://www.imovirtual.com/pt/anuncio/apartamento-t1-1-em-matosinhos-conforto-modernidade-e-localizaca-ID1h95Q,12,needs_review,...,2026-01-28T04:08:38.051402
https://www.imovirtual.com/pt/anuncio/excelente-oportunidade-de-investimento-fantastico-apartamento-ID1hOwE,12,needs_review,197 500 ,2026-01-28T04:08:38.051403
https://www.imovirtual.com/pt/anuncio/apartamento-t2-para-venda-ID1hNQi,12,needs_review,Adicionado há 4 dias,2026-01-28T04:08:38.051404
https://www.imovirtual.com/pt/anuncio/excelente-oportunidade-de-investimento-fantastico-apartamento-ID1hNlS,12,needs_review,Adicionado há 5 dias,2026-01-28T04:08:38.051406
https://www.imovirtual.com/pt/anuncio/apartamento-t1-no-empreendimento-paranhos-palace-paranhos-porto-ID1hNh6,12,needs_review,Adicionado há 6 dias,2026-01-28T04:08:38.051407
https://www.imovirtual.com/pt/anuncio/apartamento-t0-matosinhos-ID1hzH9,12,needs_review,...,2026-01-28T04:08:38.051408
https://www.imovirtual.com/pt/anuncio/apartamento-t1-1-novo-guifoes-matosinhos-ID1hfZe,12,needs_review,...,2026-01-28T04:08:38.051409
https://www.imovirtual.com/pt/anuncio/apartamento-t3-paranhos-porto-ID1hM3W,12,needs_review,...,2026-01-28T04:08:38.051410
https://www.imovirtual.com/pt/anuncio/avintes-urban-b7-ID1hB4s,12,needs_review,...,2026-01-28T04:08:38.051410
https://www.imovirtual.com/pt/anuncio/apartamento-t1-novo-empreendimento-viena-porto-ID17ad3,12,needs_review,...,2026-01-28T13:23:55.466171
https://www.imovirtual.com/pt/anuncio/apartamento-t1-novo-empreendimento-viena-porto-ID17ad6,12,needs_review,...,2026-01-28T13:23:55.466173
https://www.imovirtual.com/pt/anuncio/apartamento-t1-novo-empreendimento-viena-porto-ID18DAc,12,needs_review,...,2026-01-28T13:23:55.466174
https://www.imovirtual.com/pt/anuncio/apartamento-t1-novo-empreendimento-viena-porto-ID1gmkZ,12,needs_review,...,2026-01-28T13:23:55.466176
https://www.imovirtual.com/pt/anuncio/apartamento-t1-novo-empreendimento-viena-porto-ID1gml3,12,needs_review,...,2026-01-28T13:23:55.466178
https://www.imovirtual.com/hpr/pt/anuncio/apartamento-t2-rio-tinto-gondomar-ID1hOBr,0,needs_review,"Adicionado ontem215 000 2708 /m²Apartamento T2 Rio Tinto - GondomarForno, Rio Tinto, Gondomar, PortoTipologiaT2Preço por metro quadrado79.4 m²Andar2 andarVer descrição do anúncioTerrazza Imobiliária",2026-01-28T04:08:38.051411
https://www.imovirtual.com/pt/anuncio/apartamento-moderno-em-espinho-com-alta-tecnologia-ID1hw7W,0,needs_review,...,2026-01-28T04:08:38.051412
https://www.imovirtual.com/pt/anuncio/apartamentos-t1-no-condominio-fechado-twin22-no-centro-de-espinho-ID1g8rf,0,needs_review,...,2026-01-28T04:08:38.051413
